<?xml version="1.0" encoding="utf-8" ?>
<dwsync>
<file name="chkpost.asp" server="G:/dcs/" local="128188487980000000" remote="128188487980000000" />
<file name="conn.asp" server="G:/dcs/" local="129668602664843750" remote="129668602660000000" />
<file name="char.asp" server="G:/dcs/" local="128354388360000000" remote="128354388360000000" />
<file name="function.asp" server="G:/dcs/" local="129667492297031250" remote="129667492290000000" />
<file name="head.asp" server="G:/dcs/" local="129670468976875000" remote="129670468970000000" />
<file name="top.asp" server="G:/dcs/" local="129668859852656250" remote="129668859850000000" />
<file name="menu.asp" server="G:/dcs/" local="129668610959375000" remote="129668610950000000" />
<file name="downlist.asp" server="G:/dcs/" local="129078270940000000" remote="129078270940000000" />
<file name="copyright.asp" server="G:/dcs/" local="129668707824843750" remote="129668707820000000" />
<file name="member_left.asp" server="G:/dcs/" local="129667716894687500" remote="129667716890000000" />
</dwsync>